date,timestamp,value,classification
2020-09-14,1600041600,50.0,neutral
2020-09-15,1600128000,50.0,neutral
2020-09-16,1600214400,50.0,neutral
2020-09-17,1600300800,50.0,neutral
2020-09-18,1600387200,50.0,neutral
2020-09-21,1600646400,50.0,neutral
2020-09-22,1600732800,50.0,neutral
2020-09-23,1600819200,50.0,neutral
2020-09-24,1600905600,50.0,neutral
2020-09-25,1600992000,50.0,neutral
2020-09-28,1601251200,50.0,neutral
2020-09-29,1601337600,50.0,neutral
2020-09-30,1601424000,50.0,neutral
2020-10-01,1601510400,50.0,neutral
2020-10-02,1601596800,50.0,neutral
2020-10-05,1601856000,50.0,neutral
2020-10-06,1601942400,50.0,neutral
2020-10-07,1602028800,50.0,neutral
2020-10-08,1602115200,50.0,neutral
2020-10-09,1602201600,50.0,neutral
2020-10-12,1602460800,50.0,neutral
2020-10-13,1602547200,50.0,neutral
2020-10-14,1602633600,50.0,neutral
2020-10-15,1602720000,50.0,neutral
2020-10-16,1602806400,50.0,neutral
2020-10-19,1603065600,50.0,neutral
2020-10-20,1603152000,50.0,neutral
2020-10-21,1603238400,50.0,neutral
2020-10-22,1603324800,50.0,neutral
2020-10-23,1603411200,50.0,neutral
2020-10-26,1603670400,2.7,extreme fear
2020-10-27,1603756800,2.3,extreme fear
2020-10-28,1603843200,0.3,extreme fear
2020-10-29,1603929600,1.1,extreme fear
2020-10-30,1604016000,1.9,extreme fear
2020-11-02,1604275200,2.8,extreme fear
2020-11-03,1604361600,3.6,extreme fear
2020-11-04,1604448000,50.0,neutral
2020-11-05,1604534400,50.0,neutral
2020-11-06,1604620800,50.0,neutral
2020-11-09,1604880000,50.0,neutral
2020-11-10,1604966400,50.0,neutral
2020-11-11,1605052800,50.0,neutral
2020-11-12,1605139200,50.0,neutral
2020-11-13,1605225600,50.0,neutral
2020-11-16,1605484800,50.0,neutral
2020-11-17,1605571200,50.0,neutral
2020-11-18,1605657600,50.0,neutral
2020-11-19,1605744000,50.0,neutral
2020-11-20,1605830400,50.0,neutral
2020-11-23,1606089600,50.0,neutral
2020-11-24,1606176000,50.0,neutral
2020-11-25,1606262400,50.0,neutral
2020-11-27,1606435200,50.0,neutral
2020-11-30,1606694400,50.0,neutral
2020-12-01,1606780800,50.0,neutral
2020-12-02,1606867200,50.0,neutral
2020-12-03,1606953600,50.0,neutral
2020-12-04,1607040000,50.0,neutral
2020-12-07,1607299200,50.0,neutral
2020-12-08,1607385600,50.0,neutral
2020-12-09,1607472000,50.0,neutral
2020-12-10,1607558400,50.0,neutral
2020-12-11,1607644800,50.0,neutral
2020-12-14,1607904000,50.0,neutral
2020-12-15,1607990400,50.0,neutral
2020-12-16,1608076800,50.0,neutral
2020-12-17,1608163200,50.0,neutral
2020-12-18,1608249600,50.0,neutral
2020-12-21,1608508800,50.0,neutral
2020-12-22,1608595200,50.0,neutral
2020-12-23,1608681600,50.0,neutral
2020-12-24,1608768000,50.0,neutral
2020-12-28,1609113600,50.0,neutral
2020-12-29,1609200000,50.0,neutral
2020-12-30,1609286400,50.0,neutral
2020-12-31,1609372800,50.0,neutral
2021-01-04,1609718400,50.0,neutral
2021-01-05,1609804800,50.0,neutral
2021-01-06,1609891200,50.0,neutral
2021-01-07,1609977600,50.0,neutral
2021-01-08,1610064000,50.0,neutral
2021-01-11,1610323200,50.0,neutral
2021-01-12,1610409600,50.0,neutral
2021-01-13,1610496000,50.0,neutral
2021-01-14,1610582400,50.0,neutral
2021-01-15,1610668800,50.0,neutral
2021-01-19,1611014400,50.0,neutral
2021-01-20,1611100800,50.0,neutral
2021-01-21,1611187200,50.0,neutral
2021-01-22,1611273600,68.9,greed
2021-01-25,1611532800,69.7,greed
2021-01-26,1611619200,67.4,greed
2021-01-27,1611705600,28.2,fear
2021-01-28,1611792000,52.9,neutral
2021-01-29,1611878400,40.966667,fear
2021-02-01,1612137600,43.4,fear
2021-02-02,1612224000,60.466667,greed
2021-02-03,1612310400,59.2,greed
2021-02-04,1612396800,61.066667,greed
2021-02-05,1612483200,68.0,greed
2021-02-08,1612742400,72.866667,greed
2021-02-09,1612828800,75.4,extreme greed
2021-02-10,1612915200,75.266667,extreme greed
2021-02-11,1613001600,76.0,extreme greed
2021-02-12,1613088000,77.666667,extreme greed
2021-02-16,1613433600,73.933333,greed
2021-02-17,1613520000,70.2,greed
2021-02-18,1613606400,62.533333,greed
2021-02-19,1613692800,56.24,greed
2021-02-22,1613952000,52.48,neutral
2021-02-23,1614038400,50.56,neutral
2021-02-24,1614124800,63.8,greed
2021-02-25,1614211200,46.16,neutral
2021-02-26,1614297600,53.52,neutral
2021-03-01,1614556800,58.52,greed
2021-03-02,1614643200,50.32,neutral
2021-03-03,1614729600,43.84,fear
2021-03-04,1614816000,37.8,fear
2021-03-05,1614902400,41.52,fear
2021-03-08,1615161600,39.08,fear
2021-03-09,1615248000,43.36,fear
2021-03-10,1615334400,45.56,neutral
2021-03-11,1615420800,50.48,neutral
2021-03-12,1615507200,53.72,neutral
2021-03-15,1615766400,56.52,greed
2021-03-16,1615852800,54.8,neutral
2021-03-17,1615939200,57.866667,greed
2021-03-18,1616025600,52.333333,neutral
2021-03-19,1616112000,50.833333,neutral
2021-03-22,1616371200,50.7,neutral
2021-03-23,1616457600,41.8,fear
2021-03-24,1616544000,37.666667,fear
2021-03-25,1616630400,37.833333,fear
2021-03-26,1616716800,37.566667,fear
2021-03-29,1616976000,39.566667,fear
2021-03-30,1617062400,42.033333,fear
2021-03-31,1617148800,44.566667,fear
2021-04-01,1617235200,46.4,neutral
2021-04-05,1617580800,54.566667,neutral
2021-04-06,1617667200,53.5,neutral
2021-04-07,1617753600,52.533333,neutral
2021-04-08,1617840000,48.1,neutral
2021-04-09,1617926400,47.5,neutral
2021-04-12,1618185600,43.433333,fear
2021-04-13,1618272000,43.633333,fear
2021-04-14,1618358400,39.966667,fear
2021-04-15,1618444800,47.166667,neutral
2021-04-16,1618531200,51.3,neutral
2021-04-19,1618790400,45.266667,neutral
2021-04-20,1618876800,42.866667,fear
2021-04-21,1618963200,49.633333,neutral
2021-04-22,1619049600,46.7,neutral
2021-04-23,1619136000,47.7,neutral
2021-04-26,1619395200,50.533333,neutral
2021-04-27,1619481600,54.8,neutral
2021-04-28,1619568000,52.4,neutral
2021-04-29,1619654400,56.166667,greed
2021-04-30,1619740800,46.533333,neutral
2021-05-03,1620000000,47.566667,neutral
2021-05-04,1620086400,43.466667,fear
2021-05-05,1620172800,43.033333,fear
2021-05-06,1620259200,43.933333,fear
2021-05-07,1620345600,48.166667,neutral
2021-05-10,1620604800,44.933333,fear
2021-05-11,1620691200,42.033333,fear
2021-05-12,1620777600,26.766667,fear
2021-05-13,1620864000,34.433333,fear
2021-05-14,1620950400,36.0,fear
2021-05-17,1621209600,36.366667,fear
2021-05-18,1621296000,34.033333,fear
2021-05-19,1621382400,32.333333,fear
2021-05-20,1621468800,32.3,fear
2021-05-21,1621555200,29.433333,fear
2021-05-24,1621814400,29.5,fear
2021-05-25,1621900800,26.666667,fear
2021-05-26,1621987200,28.133333,fear
2021-05-27,1622073600,30.3,fear
2021-05-28,1622160000,31.566667,fear
2021-06-01,1622505600,35.4,fear
2021-06-02,1622592000,42.133333,fear
2021-06-03,1622678400,40.8,fear
2021-06-04,1622764800,41.9,fear
2021-06-07,1623024000,44.466667,fear
2021-06-08,1623110400,46.466667,neutral
2021-06-09,1623196800,48.533333,neutral
2021-06-10,1623283200,48.9,neutral
2021-06-11,1623369600,51.233333,neutral
2021-06-14,1623628800,54.166667,neutral
2021-06-15,1623715200,52.666667,neutral
2021-06-16,1623801600,44.8,fear
2021-06-17,1623888000,42.033333,fear
2021-06-18,1623974400,31.6,fear
2021-06-21,1624233600,32.466667,fear
2021-06-22,1624320000,32.8,fear
2021-06-23,1624406400,33.266667,fear
2021-06-24,1624492800,36.9,fear
2021-06-25,1624579200,41.633333,fear
2021-06-28,1624838400,41.433333,fear
2021-06-29,1624924800,39.833333,fear
2021-06-30,1625011200,38.0,fear
2021-07-01,1625097600,38.666667,fear
2021-07-02,1625184000,38.666667,fear
2021-07-06,1625529600,33.3,fear
2021-07-07,1625616000,33.1,fear
2021-07-08,1625702400,26.966667,fear
2021-07-09,1625788800,31.0,fear
2021-07-12,1626048000,31.7,fear
2021-07-13,1626134400,31.266667,fear
2021-07-14,1626220800,29.533333,fear
2021-07-15,1626307200,27.333333,fear
2021-07-16,1626393600,26.9,fear
2021-07-19,1626652800,8.983333,extreme fear
2021-07-20,1626739200,20.066667,extreme fear
2021-07-21,1626825600,24.2,extreme fear
2021-07-22,1626912000,24.333333,extreme fear
2021-07-23,1626998400,28.3,fear
2021-07-26,1627257600,30.9,fear
2021-07-27,1627344000,27.166667,fear
2021-07-28,1627430400,27.466667,fear
2021-07-29,1627516800,29.233333,fear
2021-07-30,1627603200,25.766667,fear
2021-08-02,1627862400,25.1,fear
2021-08-03,1627948800,29.533333,fear
2021-08-04,1628035200,28.633333,fear
2021-08-05,1628121600,29.633333,fear
2021-08-06,1628208000,31.866667,fear
2021-08-09,1628467200,32.066667,fear
2021-08-10,1628553600,34.833333,fear
2021-08-11,1628640000,37.933333,fear
2021-08-12,1628726400,43.133333,fear
2021-08-13,1628812800,47.133333,neutral
2021-08-16,1629072000,44.866667,fear
2021-08-17,1629158400,31.7,fear
2021-08-18,1629244800,18.2,extreme fear
2021-08-19,1629331200,14.883333,extreme fear
2021-08-20,1629417600,23.866667,extreme fear
2021-08-23,1629676800,30.433333,fear
2021-08-24,1629763200,34.4,fear
2021-08-25,1629849600,36.033333,fear
2021-08-26,1629936000,36.833333,fear
2021-08-27,1630022400,47.466667,neutral
2021-08-30,1630281600,47.866667,neutral
2021-08-31,1630368000,47.233333,neutral
2021-09-01,1630454400,43.133333,fear
2021-09-02,1630540800,44.166667,fear
2021-09-03,1630627200,44.066667,fear
2021-09-07,1630972800,41.7,fear
2021-09-08,1631059200,38.566667,fear
2021-09-09,1631145600,33.8,fear
2021-09-10,1631232000,20.6,extreme fear
2021-09-13,1631491200,28.266667,fear
2021-09-14,1631577600,24.8,extreme fear
2021-09-15,1631664000,31.2,fear
2021-09-16,1631750400,31.5,fear
2021-09-17,1631836800,17.933333,extreme fear
2021-09-20,1632096000,11.1,extreme fear
2021-09-21,1632182400,11.45,extreme fear
2021-09-22,1632268800,20.033333,extreme fear
2021-09-23,1632355200,24.5,extreme fear
2021-09-24,1632441600,23.833333,extreme fear
2021-09-27,1632700800,24.766667,extreme fear
2021-09-28,1632787200,12.466667,extreme fear
2021-09-29,1632873600,12.483333,extreme fear
2021-09-30,1632960000,9.966667,extreme fear
2021-10-01,1633046400,18.333333,extreme fear
2021-10-04,1633305600,9.5,extreme fear
2021-10-05,1633392000,18.766667,extreme fear
2021-10-06,1633478400,20.066667,extreme fear
2021-10-07,1633564800,24.6,extreme fear
2021-10-08,1633651200,25.266667,fear
2021-10-11,1633910400,25.9,fear
2021-10-12,1633996800,22.7,extreme fear
2021-10-13,1634083200,24.1,extreme fear
2021-10-14,1634169600,31.833333,fear
2021-10-15,1634256000,43.633333,fear
2021-10-18,1634515200,46.566667,neutral
2021-10-19,1634601600,53.4,neutral
2021-10-20,1634688000,56.566667,greed
2021-10-21,1634774400,60.2,greed
2021-10-22,1634860800,59.5,greed
2021-10-25,1635120000,62.966667,greed
2021-10-26,1635206400,63.033333,greed
2021-10-27,1635292800,58.333333,greed
2021-10-28,1635379200,64.4,greed
2021-10-29,1635465600,65.433333,greed
2021-11-01,1635724800,66.133333,greed
2021-11-02,1635811200,68.266667,greed
2021-11-03,1635897600,72.2,greed
2021-11-04,1635984000,72.433333,greed
2021-11-05,1636070400,73.6,greed
2021-11-08,1636329600,74.533333,greed
2021-11-09,1636416000,77.171429,extreme greed
2021-11-10,1636502400,73.085714,greed
2021-11-11,1636588800,72.228571,greed
2021-11-12,1636675200,74.0,greed
2021-11-15,1636934400,71.628571,greed
2021-11-16,1637020800,72.485714,greed
2021-11-17,1637107200,69.2,greed
2021-11-18,1637193600,70.142857,greed
2021-11-19,1637280000,62.771429,greed
2021-11-22,1637539200,60.0,greed
2021-11-23,1637625600,60.371429,greed
2021-11-24,1637712000,56.942857,greed
2021-11-26,1637884800,31.257143,fear
2021-11-29,1638144000,38.114286,fear
2021-11-30,1638230400,24.771429,extreme fear
2021-12-01,1638316800,25.357143,fear
2021-12-02,1638403200,22.928571,extreme fear
2021-12-03,1638489600,20.157143,extreme fear
2021-12-06,1638748800,21.257143,extreme fear
2021-12-07,1638835200,37.885714,fear
2021-12-08,1638921600,41.314286,fear
2021-12-09,1639008000,36.857143,fear
2021-12-10,1639094400,42.0,fear
2021-12-13,1639353600,35.4,fear
2021-12-14,1639440000,31.542857,fear
2021-12-15,1639526400,37.8,fear
2021-12-16,1639612800,33.571429,fear
2021-12-17,1639699200,32.514286,fear
2021-12-20,1639958400,29.428571,fear
2021-12-21,1640044800,34.028571,fear
2021-12-22,1640131200,39.542857,fear
2021-12-23,1640217600,50.485714,neutral
2021-12-27,1640563200,56.4,greed
2021-12-28,1640649600,62.971429,greed
2021-12-29,1640736000,64.028571,greed
2021-12-30,1640822400,63.971429,greed
2021-12-31,1640908800,62.542857,greed
2022-01-03,1641168000,65.228571,greed
2022-01-04,1641254400,64.257143,greed
2022-01-05,1641340800,51.028571,neutral
2022-01-06,1641427200,52.142857,neutral
2022-01-07,1641513600,49.257143,neutral
2022-01-10,1641772800,51.142857,neutral
2022-01-11,1641859200,56.114286,greed
2022-01-12,1641945600,55.942857,greed
2022-01-13,1642032000,52.171429,neutral
2022-01-14,1642118400,55.8,greed
2022-01-18,1642464000,53.714286,neutral
2022-01-19,1642550400,44.828571,fear
2022-01-20,1642636800,39.142857,fear
2022-01-21,1642723200,26.728571,fear
2022-01-24,1642982400,23.128571,extreme fear
2022-01-25,1643068800,20.885714,extreme fear
2022-01-26,1643155200,19.514286,extreme fear
2022-01-27,1643241600,18.6,extreme fear
2022-01-28,1643328000,23.857143,extreme fear
2022-01-31,1643587200,29.2,fear
2022-02-01,1643673600,30.8,fear
2022-02-02,1643760000,28.8,fear
2022-02-03,1643846400,26.057143,fear
2022-02-04,1643932800,27.6,fear
2022-02-07,1644192000,27.914286,fear
2022-02-08,1644278400,28.942857,fear
2022-02-09,1644364800,32.657143,fear
2022-02-10,1644451200,33.6,fear
2022-02-11,1644537600,28.485714,fear
2022-02-14,1644796800,25.685714,fear
2022-02-15,1644883200,29.971429,fear
2022-02-16,1644969600,32.085714,fear
2022-02-17,1645056000,32.457143,fear
2022-02-18,1645142400,29.514286,fear
2022-02-22,1645488000,28.771429,fear
2022-02-23,1645574400,18.814286,extreme fear
2022-02-24,1645660800,21.228571,extreme fear
2022-02-25,1645747200,28.142857,fear
2022-02-28,1646006400,25.471429,fear
2022-03-01,1646092800,22.971429,extreme fear
2022-03-02,1646179200,17.828571,extreme fear
2022-03-03,1646265600,21.728571,extreme fear
2022-03-04,1646352000,18.171429,extreme fear
2022-03-07,1646611200,16.9,extreme fear
2022-03-08,1646697600,16.671429,extreme fear
2022-03-09,1646784000,18.028571,extreme fear
2022-03-10,1646870400,17.957143,extreme fear
2022-03-11,1646956800,19.057143,extreme fear
2022-03-14,1647216000,17.5,extreme fear
2022-03-15,1647302400,21.857143,extreme fear
2022-03-16,1647388800,25.257143,fear
2022-03-17,1647475200,33.628571,fear
2022-03-18,1647561600,38.428571,fear
2022-03-21,1647820800,40.971429,fear
2022-03-22,1647907200,44.542857,fear
2022-03-23,1647993600,45.2,neutral
2022-03-24,1648080000,46.914286,neutral
2022-03-25,1648166400,49.371429,neutral
2022-03-28,1648425600,51.257143,neutral
2022-03-29,1648512000,52.714286,neutral
2022-03-30,1648598400,52.8,neutral
2022-03-31,1648684800,59.2,greed
2022-04-01,1648771200,59.8,greed
2022-04-04,1649030400,61.657143,greed
2022-04-05,1649116800,47.914286,neutral
2022-04-06,1649203200,46.4,neutral
2022-04-07,1649289600,46.828571,neutral
2022-04-08,1649376000,46.085714,neutral
2022-04-11,1649635200,43.4,fear
2022-04-12,1649721600,42.057143,fear
2022-04-13,1649808000,41.8,fear
2022-04-14,1649894400,39.857143,fear
2022-04-18,1650240000,37.6,fear
2022-04-19,1650326400,39.628571,fear
2022-04-20,1650412800,43.314286,fear
2022-04-21,1650499200,38.942857,fear
2022-04-22,1650585600,31.628571,fear
2022-04-25,1650844800,29.971429,fear
2022-04-26,1650931200,17.9,extreme fear
2022-04-27,1651017600,16.271429,extreme fear
2022-04-28,1651104000,24.257143,extreme fear
2022-04-29,1651190400,14.328571,extreme fear
2022-05-02,1651449600,13.271429,extreme fear
2022-05-03,1651536000,30.485714,fear
2022-05-04,1651622400,22.4,extreme fear
2022-05-05,1651708800,13.128571,extreme fear
2022-05-06,1651795200,12.242857,extreme fear
2022-05-09,1652054400,8.185714,extreme fear
2022-05-10,1652140800,7.4,extreme fear
2022-05-11,1652227200,4.028571,extreme fear
2022-05-12,1652313600,3.2,extreme fear
2022-05-13,1652400000,11.285714,extreme fear
2022-05-16,1652659200,11.742857,extreme fear
2022-05-17,1652745600,15.2,extreme fear
2022-05-18,1652832000,6.6,extreme fear
2022-05-19,1652918400,13.714286,extreme fear
2022-05-20,1653004800,12.657143,extreme fear
2022-05-23,1653264000,17.885714,extreme fear
2022-05-24,1653350400,16.0,extreme fear
2022-05-25,1653436800,17.571429,extreme fear
2022-05-26,1653523200,24.114286,extreme fear
2022-05-27,1653609600,29.542857,fear
2022-05-31,1653955200,40.057143,fear
2022-06-01,1654041600,40.6,fear
2022-06-02,1654128000,44.828571,fear
2022-06-03,1654214400,35.457143,fear
2022-06-06,1654473600,42.8,fear
2022-06-07,1654560000,45.628571,neutral
2022-06-08,1654646400,48.114286,neutral
2022-06-09,1654732800,47.057143,neutral
2022-06-10,1654819200,40.0,fear
2022-06-13,1655078400,25.085714,fear
2022-06-14,1655164800,20.528571,extreme fear
2022-06-15,1655251200,29.257143,fear
2022-06-16,1655337600,17.7,extreme fear
2022-06-17,1655424000,16.928571,extreme fear
2022-06-21,1655769600,19.728571,extreme fear
2022-06-22,1655856000,26.885714,fear
2022-06-23,1655942400,26.742857,fear
2022-06-24,1656028800,30.857143,fear
2022-06-27,1656288000,30.771429,fear
2022-06-28,1656374400,28.142857,fear
2022-06-29,1656460800,26.542857,fear
2022-06-30,1656547200,24.371429,extreme fear
2022-07-01,1656633600,24.571429,extreme fear
2022-07-05,1656979200,22.171429,extreme fear
2022-07-06,1657065600,22.828571,extreme fear
2022-07-07,1657152000,27.6,fear
2022-07-08,1657238400,31.342857,fear
2022-07-11,1657497600,30.371429,fear
2022-07-12,1657584000,30.314286,fear
2022-07-13,1657670400,27.285714,fear
2022-07-14,1657756800,26.514286,fear
2022-07-15,1657843200,33.285714,fear
2022-07-18,1658102400,35.885714,fear
2022-07-19,1658188800,39.314286,fear
2022-07-20,1658275200,44.085714,fear
2022-07-21,1658361600,48.2,neutral
2022-07-22,1658448000,42.428571,fear
2022-07-25,1658707200,42.2,fear
2022-07-26,1658793600,42.0,fear
2022-07-27,1658880000,46.628571,neutral
2022-07-28,1658966400,48.485714,neutral
2022-07-29,1659052800,52.4,neutral
2022-08-01,1659312000,59.085714,greed
2022-08-02,1659398400,57.371429,greed
2022-08-03,1659484800,60.257143,greed
2022-08-04,1659571200,61.514286,greed
2022-08-05,1659657600,63.314286,greed
2022-08-08,1659916800,64.742857,greed
2022-08-09,1660003200,64.457143,greed
2022-08-10,1660089600,65.114286,greed
2022-08-11,1660176000,65.828571,greed
2022-08-12,1660262400,68.028571,greed
2022-08-15,1660521600,66.828571,greed
2022-08-16,1660608000,67.942857,greed
2022-08-17,1660694400,67.142857,greed
2022-08-18,1660780800,66.371429,greed
2022-08-19,1660867200,63.714286,greed
2022-08-22,1661126400,60.314286,greed
2022-08-23,1661212800,57.428571,greed
2022-08-24,1661299200,57.514286,greed
2022-08-25,1661385600,58.257143,greed
2022-08-26,1661472000,55.742857,greed
2022-08-29,1661731200,54.285714,neutral
2022-08-30,1661817600,49.8,neutral
2022-08-31,1661904000,52.085714,neutral
2022-09-01,1661990400,49.371429,neutral
2022-09-02,1662076800,42.457143,fear
2022-09-06,1662422400,40.628571,fear
2022-09-07,1662508800,39.628571,fear
2022-09-08,1662595200,40.371429,fear
2022-09-09,1662681600,43.8,fear
2022-09-12,1662940800,47.6,neutral
2022-09-13,1663027200,36.628571,fear
2022-09-14,1663113600,41.885714,fear
2022-09-15,1663200000,40.657143,fear
2022-09-16,1663286400,35.285714,fear
2022-09-19,1663545600,36.314286,fear
2022-09-20,1663632000,36.114286,fear
2022-09-21,1663718400,27.214286,fear
2022-09-22,1663804800,24.485714,extreme fear
2022-09-23,1663891200,21.685714,extreme fear
2022-09-26,1664150400,17.628571,extreme fear
2022-09-27,1664236800,16.514286,extreme fear
2022-09-28,1664323200,17.028571,extreme fear
2022-09-29,1664409600,13.257143,extreme fear
2022-09-30,1664496000,16.457143,extreme fear
2022-10-03,1664755200,20.385714,extreme fear
2022-10-04,1664841600,27.885714,fear
2022-10-05,1664928000,29.714286,fear
2022-10-06,1665014400,23.142857,extreme fear
2022-10-07,1665100800,19.671429,extreme fear
2022-10-10,1665360000,19.4,extreme fear
2022-10-11,1665446400,16.885714,extreme fear
2022-10-12,1665532800,15.942857,extreme fear
2022-10-13,1665619200,19.371429,extreme fear
2022-10-14,1665705600,16.457143,extreme fear
2022-10-17,1665964800,23.4,extreme fear
2022-10-18,1666051200,28.8,fear
2022-10-19,1666137600,29.428571,fear
2022-10-20,1666224000,39.085714,fear
2022-10-21,1666310400,43.742857,fear
2022-10-24,1666569600,47.228571,neutral
2022-10-25,1666656000,51.371429,neutral
2022-10-26,1666742400,53.8,neutral
2022-10-27,1666828800,54.571429,neutral
2022-10-28,1666915200,57.114286,greed
2022-10-31,1667174400,64.057143,greed
2022-11-01,1667260800,63.514286,greed
2022-11-02,1667347200,55.285714,greed
2022-11-03,1667433600,55.514286,greed
2022-11-04,1667520000,56.514286,greed
2022-11-07,1667779200,59.657143,greed
2022-11-08,1667865600,57.942857,greed
2022-11-09,1667952000,54.0,neutral
2022-11-10,1668038400,60.342857,greed
2022-11-11,1668124800,63.742857,greed
2022-11-14,1668384000,62.685714,greed
2022-11-15,1668470400,66.914286,greed
2022-11-16,1668556800,65.085714,greed
2022-11-17,1668643200,61.485714,greed
2022-11-18,1668729600,60.342857,greed
2022-11-21,1668988800,60.971429,greed
2022-11-22,1669075200,60.8,greed
2022-11-23,1669161600,64.257143,greed
2022-11-25,1669334400,63.085714,greed
2022-11-28,1669593600,59.742857,greed
2022-11-29,1669680000,58.171429,greed
2022-11-30,1669766400,73.971429,greed
2022-12-01,1669852800,75.6,extreme greed
2022-12-02,1669939200,68.142857,greed
2022-12-05,1670198400,65.085714,greed
2022-12-06,1670284800,61.828571,greed
2022-12-07,1670371200,58.428571,greed
2022-12-08,1670457600,55.685714,greed
2022-12-09,1670544000,52.085714,neutral
2022-12-12,1670803200,57.2,greed
2022-12-13,1670889600,59.171429,greed
2022-12-14,1670976000,60.942857,greed
2022-12-15,1671062400,60.142857,greed
2022-12-16,1671148800,44.142857,fear
2022-12-19,1671408000,39.971429,fear
2022-12-20,1671494400,38.314286,fear
2022-12-21,1671580800,38.542857,fear
2022-12-22,1671667200,37.0,fear
2022-12-23,1671753600,39.514286,fear
2022-12-27,1672099200,39.942857,fear
2022-12-28,1672185600,35.514286,fear
2022-12-29,1672272000,37.142857,fear
2022-12-30,1672358400,36.514286,fear
2023-01-03,1672704000,36.6,fear
2023-01-04,1672790400,39.857143,fear
2023-01-05,1672876800,44.171429,fear
2023-01-06,1672963200,45.714286,neutral
2023-01-09,1673222400,47.2,neutral
2023-01-10,1673308800,49.657143,neutral
2023-01-11,1673395200,54.228571,neutral
2023-01-12,1673481600,56.685714,greed
2023-01-13,1673568000,61.314286,greed
2023-01-17,1673913600,64.142857,greed
2023-01-18,1674000000,58.428571,greed
2023-01-19,1674086400,55.428571,greed
2023-01-20,1674172800,58.542857,greed
2023-01-23,1674432000,63.6,greed
2023-01-24,1674518400,63.0,greed
2023-01-25,1674604800,63.885714,greed
2023-01-26,1674691200,68.028571,greed
2023-01-27,1674777600,69.2,greed
2023-01-30,1675036800,67.457143,greed
2023-01-31,1675123200,70.342857,greed
2023-02-01,1675209600,82.171429,extreme greed
2023-02-02,1675296000,75.2,extreme greed
2023-02-03,1675382400,76.142857,extreme greed
2023-02-06,1675641600,75.914286,extreme greed
2023-02-07,1675728000,76.342857,extreme greed
2023-02-08,1675814400,74.628571,greed
2023-02-09,1675900800,72.628571,greed
2023-02-10,1675987200,72.485714,greed
2023-02-13,1676246400,71.828571,greed
2023-02-14,1676332800,73.257143,greed
2023-02-15,1676419200,73.657143,greed
2023-02-16,1676505600,70.714286,greed
2023-02-17,1676592000,69.485714,greed
2023-02-21,1676937600,65.914286,greed
2023-02-22,1677024000,64.171429,greed
2023-02-23,1677110400,62.657143,greed
2023-02-24,1677196800,60.657143,greed
2023-02-27,1677456000,61.228571,greed
2023-02-28,1677542400,61.2,greed
2023-03-01,1677628800,65.914286,greed
2023-03-02,1677715200,52.457143,neutral
2023-03-03,1677801600,55.685714,greed
2023-03-06,1678060800,55.257143,greed
2023-03-07,1678147200,48.514286,neutral
2023-03-08,1678233600,49.828571,neutral
2023-03-09,1678320000,37.542857,fear
2023-03-10,1678406400,26.885714,fear
2023-03-13,1678665600,23.357143,extreme fear
2023-03-14,1678752000,25.085714,fear
2023-03-15,1678838400,22.685714,extreme fear
2023-03-16,1678924800,32.571429,fear
2023-03-17,1679011200,27.0,fear
2023-03-20,1679270400,30.428571,fear
2023-03-21,1679356800,43.485714,fear
2023-03-22,1679443200,41.028571,fear
2023-03-23,1679529600,38.342857,fear
2023-03-24,1679616000,37.714286,fear
2023-03-27,1679875200,40.2,fear
2023-03-28,1679961600,39.6,fear
2023-03-29,1680048000,41.457143,fear
2023-03-30,1680134400,45.228571,neutral
2023-03-31,1680220800,49.485714,neutral
2023-04-03,1680480000,61.485714,greed
2023-04-04,1680566400,50.228571,neutral
2023-04-05,1680652800,52.628571,neutral
2023-04-06,1680739200,55.257143,greed
2023-04-10,1681084800,57.914286,greed
2023-04-11,1681171200,58.485714,greed
2023-04-12,1681257600,60.742857,greed
2023-04-13,1681344000,63.171429,greed
2023-04-14,1681430400,65.714286,greed
2023-04-17,1681689600,67.085714,greed
2023-04-18,1681776000,65.485714,greed
2023-04-19,1681862400,67.257143,greed
2023-04-20,1681948800,64.057143,greed
2023-04-21,1682035200,63.514286,greed
2023-04-24,1682294400,63.485714,greed
2023-04-25,1682380800,57.057143,greed
2023-04-26,1682467200,52.4,neutral
2023-04-27,1682553600,58.314286,greed
2023-04-28,1682640000,59.428571,greed
2023-05-01,1682899200,59.428571,greed
2023-05-02,1682985600,55.514286,greed
2023-05-03,1683072000,54.628571,neutral
2023-05-04,1683158400,49.6,neutral
2023-05-05,1683244800,53.885714,neutral
2023-05-08,1683504000,57.142857,greed
2023-05-09,1683590400,59.571429,greed
2023-05-10,1683676800,59.971429,greed
2023-05-11,1683763200,59.057143,greed
2023-05-12,1683849600,57.342857,greed
2023-05-15,1684108800,57.257143,greed
2023-05-16,1684195200,55.285714,greed
2023-05-17,1684281600,60.257143,greed
2023-05-18,1684368000,64.914286,greed
2023-05-19,1684454400,65.457143,greed
2023-05-22,1684713600,67.857143,greed
2023-05-23,1684800000,65.8,greed
2023-05-24,1684886400,61.828571,greed
2023-05-25,1684972800,62.685714,greed
2023-05-26,1685059200,65.714286,greed
2023-05-30,1685404800,66.085714,greed
2023-05-31,1685491200,64.171429,greed
2023-06-01,1685577600,68.057143,greed
2023-06-02,1685664000,75.428571,extreme greed
2023-06-05,1685923200,69.485714,greed
2023-06-06,1686009600,73.514286,greed
2023-06-07,1686096000,74.457143,greed
2023-06-08,1686182400,75.771429,extreme greed
2023-06-09,1686268800,76.971429,extreme greed
2023-06-12,1686528000,78.057143,extreme greed
2023-06-13,1686614400,79.628571,extreme greed
2023-06-14,1686700800,79.628571,extreme greed
2023-06-15,1686787200,80.885714,extreme greed
2023-06-16,1686873600,81.257143,extreme greed
2023-06-20,1687219200,80.114286,extreme greed
2023-06-21,1687305600,80.114286,extreme greed
2023-06-22,1687392000,80.057143,extreme greed
2023-06-23,1687478400,75.714286,extreme greed
2023-06-26,1687737600,73.457143,greed
2023-06-27,1687824000,75.485714,extreme greed
2023-06-28,1687910400,76.514286,extreme greed
2023-06-29,1687996800,79.2,extreme greed
2023-06-30,1688083200,79.485714,extreme greed
2023-07-03,1688342400,82.228571,extreme greed
2023-07-05,1688515200,79.257143,extreme greed
2023-07-06,1688601600,77.914286,extreme greed
2023-07-07,1688688000,77.685714,extreme greed
2023-07-10,1688947200,76.685714,extreme greed
2023-07-11,1689033600,78.285714,extreme greed
2023-07-12,1689120000,78.171429,extreme greed
2023-07-13,1689206400,79.4,extreme greed
2023-07-14,1689292800,79.8,extreme greed
2023-07-17,1689552000,80.028571,extreme greed
2023-07-18,1689638400,81.685714,extreme greed
2023-07-19,1689724800,82.342857,extreme greed
2023-07-20,1689811200,80.857143,extreme greed
2023-07-21,1689897600,81.028571,extreme greed
2023-07-24,1690156800,82.514286,extreme greed
2023-07-25,1690243200,81.228571,extreme greed
2023-07-26,1690329600,80.6,extreme greed
2023-07-27,1690416000,77.657143,extreme greed
2023-07-28,1690502400,76.914286,extreme greed
2023-07-31,1690761600,77.628571,extreme greed
2023-08-01,1690848000,77.342857,extreme greed
2023-08-02,1690934400,77.342857,extreme greed
2023-08-03,1691020800,73.628571,greed
2023-08-04,1691107200,64.5,greed
2023-08-07,1691366400,72.057143,greed
2023-08-08,1691452800,69.2,greed
2023-08-09,1691539200,67.314286,greed
2023-08-10,1691625600,66.342857,greed
2023-08-11,1691712000,65.028571,greed
2023-08-14,1691971200,66.285714,greed
2023-08-15,1692057600,54.5,neutral
2023-08-16,1692144000,49.485714,neutral
2023-08-17,1692230400,46.142857,neutral
2023-08-18,1692316800,43.657143,fear
2023-08-21,1692576000,43.485714,fear
2023-08-22,1692662400,43.442857,fear
2023-08-23,1692748800,50.171429,neutral
2023-08-24,1692835200,40.585714,fear
2023-08-25,1692921600,47.028571,neutral
2023-08-28,1693180800,45.285714,neutral
2023-08-29,1693267200,49.171429,neutral
2023-08-30,1693353600,50.428571,neutral
2023-08-31,1693440000,52.942857,neutral
2023-09-01,1693526400,55.028571,greed
2023-09-05,1693872000,59.085714,greed
2023-09-06,1693958400,56.714286,greed
2023-09-07,1694044800,53.628571,neutral
2023-09-08,1694131200,51.914286,neutral
2023-09-11,1694390400,52.2,neutral
2023-09-12,1694476800,51.4,neutral
2023-09-13,1694563200,51.4,neutral
2023-09-14,1694649600,54.428571,neutral
2023-09-15,1694736000,52.028571,neutral
2023-09-18,1694995200,49.485714,neutral
2023-09-19,1695081600,49.942857,neutral
2023-09-20,1695168000,48.285714,neutral
2023-09-21,1695254400,37.157143,fear
2023-09-22,1695340800,33.157143,fear
2023-09-25,1695600000,38.428571,fear
2023-09-26,1695686400,24.228571,extreme fear
2023-09-27,1695772800,22.828571,extreme fear
2023-09-28,1695859200,29.0,fear
2023-09-29,1695945600,28.4,fear
2023-10-02,1696204800,28.314286,fear
2023-10-03,1696291200,20.528571,extreme fear
2023-10-04,1696377600,20.985714,extreme fear
2023-10-05,1696464000,20.328571,extreme fear
2023-10-06,1696550400,27.714286,fear
2023-10-09,1696809600,29.257143,fear
2023-10-10,1696896000,32.314286,fear
2023-10-11,1696982400,34.342857,fear
2023-10-12,1697068800,35.685714,fear
2023-10-13,1697155200,26.271429,fear
2023-10-16,1697414400,35.742857,fear
2023-10-17,1697500800,39.142857,fear
2023-10-18,1697587200,30.571429,fear
2023-10-19,1697673600,29.542857,fear
2023-10-20,1697760000,22.857143,extreme fear
2023-10-23,1698019200,25.842857,fear
2023-10-24,1698105600,33.485714,fear
2023-10-25,1698192000,25.214286,fear
2023-10-26,1698278400,22.714286,extreme fear
2023-10-27,1698364800,21.614286,extreme fear
2023-10-30,1698624000,29.2,fear
2023-10-31,1698710400,30.142857,fear
2023-11-01,1698796800,32.171429,fear
2023-11-02,1698883200,37.685714,fear
2023-11-03,1698969600,36.114286,fear
2023-11-06,1699228800,38.914286,fear
2023-11-07,1699315200,39.628571,fear
2023-11-08,1699401600,39.771429,fear
2023-11-09,1699488000,41.0,fear
2023-11-10,1699574400,41.457143,fear
2023-11-13,1699833600,39.885714,fear
2023-11-14,1699920000,46.6,neutral
2023-11-15,1700006400,52.542857,neutral
2023-11-16,1700092800,55.057143,greed
2023-11-17,1700179200,58.857143,greed
2023-11-20,1700438400,61.285714,greed
2023-11-21,1700524800,61.171429,greed
2023-11-22,1700611200,65.057143,greed
2023-11-24,1700784000,66.857143,greed
2023-11-27,1701043200,65.314286,greed
2023-11-28,1701129600,65.085714,greed
2023-11-29,1701216000,63.285714,greed
2023-11-30,1701302400,64.371429,greed
2023-12-01,1701388800,64.514286,greed
2023-12-04,1701648000,63.714286,greed
2023-12-05,1701734400,65.142857,greed
2023-12-06,1701820800,63.971429,greed
2023-12-07,1701907200,66.142857,greed
2023-12-08,1701993600,65.942857,greed
2023-12-11,1702252800,67.285714,greed
2023-12-12,1702339200,67.885714,greed
2023-12-13,1702425600,67.542857,greed
2023-12-14,1702512000,70.542857,greed
2023-12-15,1702598400,69.457143,greed
2023-12-18,1702857600,70.485714,greed
2023-12-19,1702944000,82.971429,extreme greed
2023-12-20,1703030400,75.571429,extreme greed
2023-12-21,1703116800,77.0,extreme greed
2023-12-22,1703203200,79.742857,extreme greed
2023-12-26,1703548800,81.942857,extreme greed
2023-12-27,1703635200,81.171429,extreme greed
2023-12-28,1703721600,81.257143,extreme greed
2023-12-29,1703808000,80.714286,extreme greed
2024-01-02,1704153600,79.714286,extreme greed
2024-01-03,1704240000,76.714286,extreme greed
2024-01-04,1704326400,78.685714,extreme greed
2024-01-05,1704412800,75.771429,extreme greed
2024-01-08,1704672000,76.171429,extreme greed
2024-01-09,1704758400,75.685714,extreme greed
2024-01-10,1704844800,76.371429,extreme greed
2024-01-11,1704931200,74.657143,greed
2024-01-12,1705017600,73.085714,greed
2024-01-16,1705363200,72.285714,greed
2024-01-17,1705449600,57.214286,greed
2024-01-18,1705536000,66.457143,greed
2024-01-19,1705622400,72.828571,greed
2024-01-22,1705881600,72.857143,greed
2024-01-23,1705968000,70.257143,greed
2024-01-24,1706054400,72.485714,greed
2024-01-25,1706140800,73.228571,greed
2024-01-26,1706227200,73.8,greed
2024-01-29,1706486400,74.114286,greed
2024-01-30,1706572800,74.228571,greed
2024-01-31,1706659200,64.114286,greed
2024-02-01,1706745600,72.342857,greed
2024-02-02,1706832000,74.6,greed
2024-02-05,1707091200,73.314286,greed
2024-02-06,1707177600,73.2,greed
2024-02-07,1707264000,73.771429,greed
2024-02-08,1707350400,74.6,greed
2024-02-09,1707436800,75.428571,extreme greed
2024-02-12,1707696000,75.828571,extreme greed
2024-02-13,1707782400,66.742857,greed
2024-02-14,1707868800,67.514286,greed
2024-02-15,1707955200,73.857143,greed
2024-02-16,1708041600,73.485714,greed
2024-02-20,1708387200,63.742857,greed
2024-02-21,1708473600,63.7,greed
2024-02-22,1708560000,73.942857,greed
2024-02-23,1708646400,73.342857,greed
2024-02-26,1708905600,71.914286,greed
2024-02-27,1708992000,75.771429,extreme greed
2024-02-28,1709078400,76.771429,extreme greed
2024-02-29,1709164800,77.457143,extreme greed
2024-03-01,1709251200,76.828571,extreme greed
2024-03-04,1709510400,79.228571,extreme greed
2024-03-05,1709596800,76.114286,extreme greed
2024-03-06,1709683200,72.542857,greed
2024-03-07,1709769600,73.857143,greed
2024-03-08,1709856000,70.028571,greed
2024-03-11,1710115200,62.771429,greed
2024-03-12,1710201600,72.2,greed
2024-03-13,1710288000,71.771429,greed
2024-03-14,1710374400,70.4,greed
2024-03-15,1710460800,68.628571,greed
2024-03-18,1710720000,70.742857,greed
2024-03-19,1710806400,70.857143,greed
2024-03-20,1710892800,69.628571,greed
2024-03-21,1710979200,71.371429,greed
2024-03-22,1711065600,69.514286,greed
2024-03-25,1711324800,67.428571,greed
2024-03-26,1711411200,67.914286,greed
2024-03-27,1711497600,69.771429,greed
2024-03-28,1711584000,68.771429,greed
2024-04-01,1711929600,71.257143,greed
2024-04-02,1712016000,71.142857,greed
2024-04-03,1712102400,69.4,greed
2024-04-04,1712188800,53.8,neutral
2024-04-05,1712275200,58.1,greed
2024-04-08,1712534400,64.028571,greed
2024-04-09,1712620800,59.628571,greed
2024-04-10,1712707200,49.671429,neutral
2024-04-11,1712793600,56.657143,greed
2024-04-12,1712880000,45.014286,neutral
2024-04-15,1713139200,38.4,fear
2024-04-16,1713225600,35.114286,fear
2024-04-17,1713312000,31.157143,fear
2024-04-18,1713398400,30.4,fear
2024-04-19,1713484800,27.671429,fear
2024-04-22,1713744000,34.171429,fear
2024-04-23,1713830400,36.571429,fear
2024-04-24,1713916800,37.485714,fear
2024-04-25,1714003200,39.085714,fear
2024-04-26,1714089600,40.514286,fear
2024-04-29,1714348800,42.428571,fear
2024-04-30,1714435200,40.542857,fear
2024-05-01,1714521600,40.514286,fear
2024-05-02,1714608000,42.228571,fear
2024-05-03,1714694400,43.257143,fear
2024-05-06,1714953600,39.0,fear
2024-05-07,1715040000,37.171429,fear
2024-05-08,1715126400,38.171429,fear
2024-05-09,1715212800,42.228571,fear
2024-05-10,1715299200,46.028571,neutral
2024-05-13,1715558400,48.114286,neutral
2024-05-14,1715644800,55.285714,greed
2024-05-15,1715731200,59.371429,greed
2024-05-16,1715817600,62.314286,greed
2024-05-17,1715904000,62.8,greed
2024-05-20,1716163200,60.428571,greed
2024-05-21,1716249600,59.428571,greed
2024-05-22,1716336000,58.514286,greed
2024-05-23,1716422400,52.371429,neutral
2024-05-24,1716508800,51.742857,neutral
2024-05-28,1716854400,54.685714,neutral
2024-05-29,1716940800,49.971429,neutral
2024-05-30,1717027200,45.085714,neutral
2024-05-31,1717113600,48.428571,neutral
2024-06-03,1717372800,45.485714,neutral
2024-06-04,1717459200,47.628571,neutral
2024-06-05,1717545600,51.142857,neutral
2024-06-06,1717632000,45.314286,neutral
2024-06-07,1717718400,43.4,fear
2024-06-10,1717977600,44.742857,fear
2024-06-11,1718064000,44.4,fear
2024-06-12,1718150400,46.571429,neutral
2024-06-13,1718236800,44.571429,fear
2024-06-14,1718323200,41.114286,fear
2024-06-17,1718582400,43.285714,fear
2024-06-18,1718668800,41.285714,fear
2024-06-20,1718841600,38.714286,fear
2024-06-21,1718928000,39.057143,fear
2024-06-24,1719187200,37.771429,fear
2024-06-25,1719273600,37.285714,fear
2024-06-26,1719360000,40.885714,fear
2024-06-27,1719446400,45.514286,neutral
2024-06-28,1719532800,44.314286,fear
2024-07-01,1719792000,47.942857,neutral
2024-07-02,1719878400,49.742857,neutral
2024-07-03,1719964800,48.371429,neutral
2024-07-05,1720137600,49.714286,neutral
2024-07-08,1720396800,51.057143,neutral
2024-07-09,1720483200,50.571429,neutral
2024-07-10,1720569600,54.6,neutral
2024-07-11,1720656000,49.4,neutral
2024-07-12,1720742400,54.371429,neutral
2024-07-15,1721001600,57.742857,greed
2024-07-16,1721088000,57.028571,greed
2024-07-17,1721174400,46.114286,neutral
2024-07-18,1721260800,45.942857,neutral
2024-07-19,1721347200,43.0,fear
2024-07-22,1721606400,48.428571,neutral
2024-07-23,1721692800,46.857143,neutral
2024-07-24,1721779200,38.614286,fear
2024-07-25,1721865600,39.071429,fear
2024-07-26,1721952000,42.542857,fear
2024-07-29,1722211200,42.071429,fear
2024-07-30,1722297600,40.8,fear
2024-07-31,1722384000,46.885714,neutral
2024-08-01,1722470400,42.685714,fear
2024-08-02,1722556800,41.385714,fear
2024-08-05,1722816000,33.057143,fear
2024-08-06,1722902400,19.014286,extreme fear
2024-08-07,1722988800,16.557143,extreme fear
2024-08-08,1723075200,17.657143,extreme fear
2024-08-09,1723161600,24.085714,extreme fear
2024-08-12,1723420800,23.8,extreme fear
2024-08-13,1723507200,25.514286,fear
2024-08-14,1723593600,26.428571,fear
2024-08-15,1723680000,32.371429,fear
2024-08-16,1723766400,33.742857,fear
2024-08-19,1724025600,39.885714,fear
2024-08-20,1724112000,44.685714,fear
2024-08-21,1724198400,50.228571,neutral
2024-08-22,1724284800,46.771429,neutral
2024-08-23,1724371200,51.571429,neutral
2024-08-26,1724630400,52.942857,neutral
2024-08-27,1724716800,52.285714,neutral
2024-08-28,1724803200,51.085714,neutral
2024-08-29,1724889600,56.057143,greed
2024-08-30,1724976000,60.314286,greed
2024-09-03,1725321600,56.342857,greed
2024-09-04,1725408000,56.628571,greed
2024-09-05,1725494400,50.628571,neutral
2024-09-06,1725580800,39.342857,fear
2024-09-09,1725840000,41.971429,fear
2024-09-10,1725926400,39.685714,fear
2024-09-11,1726012800,43.085714,fear
2024-09-12,1726099200,42.971429,fear
2024-09-13,1726185600,48.628571,neutral
2024-09-16,1726444800,50.314286,neutral
2024-09-17,1726531200,54.628571,neutral
2024-09-18,1726617600,55.171429,greed
2024-09-19,1726704000,63.8,greed
2024-09-20,1726790400,61.2,greed
2024-09-23,1727049600,63.857143,greed
2024-09-24,1727136000,66.428571,greed
2024-09-25,1727222400,65.742857,greed
2024-09-26,1727308800,70.742857,greed
2024-09-27,1727395200,67.314286,greed
2024-09-30,1727654400,73.685714,greed
2024-10-01,1727740800,70.314286,greed
2024-10-02,1727827200,70.571429,greed
2024-10-03,1727913600,69.428571,greed
2024-10-04,1728000000,71.4,greed
2024-10-07,1728259200,70.828571,greed
2024-10-08,1728345600,71.171429,greed
2024-10-09,1728432000,71.142857,greed
2024-10-10,1728518400,70.285714,greed
2024-10-11,1728604800,71.657143,greed
2024-10-14,1728864000,74.228571,greed
2024-10-15,1728950400,71.142857,greed
2024-10-16,1729036800,69.028571,greed
2024-10-17,1729123200,68.571429,greed
2024-10-18,1729209600,72.428571,greed
2024-10-21,1729468800,69.8,greed
2024-10-22,1729555200,70.371429,greed
2024-10-23,1729641600,63.2,greed
2024-10-24,1729728000,62.942857,greed
2024-10-25,1729814400,58.742857,greed
2024-10-28,1730073600,60.857143,greed
2024-10-29,1730160000,60.057143,greed
2024-10-30,1730246400,57.2,greed
2024-10-31,1730332800,40.457143,fear
2024-11-01,1730419200,50.485714,neutral
2024-11-04,1730678400,42.428571,fear
2024-11-05,1730764800,43.542857,fear
2024-11-06,1730851200,44.0,fear
2024-11-07,1730937600,59.057143,greed
2024-11-08,1731024000,59.428571,greed
2024-11-11,1731283200,66.6,greed
2024-11-12,1731369600,66.714286,greed
2024-11-13,1731456000,66.314286,greed
2024-11-14,1731542400,60.314286,greed
2024-11-15,1731628800,51.2,neutral
2024-11-18,1731888000,50.285714,neutral
2024-11-19,1731974400,49.514286,neutral
2024-11-20,1732060800,49.514286,neutral
2024-11-21,1732147200,56.6,greed
2024-11-22,1732233600,60.714286,greed
2024-11-25,1732492800,62.885714,greed
2024-11-26,1732579200,65.914286,greed
2024-11-27,1732665600,64.4,greed
2024-11-29,1732838400,65.0,greed
2024-12-02,1733097600,65.314286,greed
2024-12-03,1733184000,59.571429,greed
2024-12-04,1733270400,57.485714,greed
2024-12-05,1733356800,54.914286,neutral
2024-12-06,1733443200,52.142857,neutral
2024-12-09,1733702400,49.257143,neutral
2024-12-10,1733788800,46.971429,neutral
2024-12-11,1733875200,49.2,neutral
2024-12-12,1733961600,47.114286,neutral
2024-12-13,1734048000,49.114286,neutral
2024-12-16,1734307200,56.057143,greed
2024-12-17,1734393600,51.4,neutral
2024-12-18,1734480000,33.128571,fear
2024-12-19,1734566400,19.514286,extreme fear
2024-12-20,1734652800,27.6,fear
2024-12-23,1734912000,30.142857,fear
2024-12-24,1734998400,34.514286,fear
2024-12-26,1735171200,34.171429,fear
2024-12-27,1735257600,33.828571,fear
2024-12-30,1735516800,28.6,fear
2024-12-31,1735603200,26.314286,fear
2025-01-02,1735776000,24.314286,extreme fear
2025-01-03,1735862400,28.885714,fear
2025-01-06,1736121600,33.771429,fear
2025-01-07,1736208000,34.314286,fear
2025-01-08,1736294400,31.914286,fear
2025-01-10,1736467200,25.628571,fear
2025-01-13,1736726400,25.342857,fear
2025-01-14,1736812800,25.142857,fear
2025-01-15,1736899200,27.428571,fear
2025-01-16,1736985600,27.342857,fear
2025-01-17,1737072000,36.028571,fear
2025-01-21,1737417600,39.914286,fear
2025-01-22,1737504000,41.628571,fear
2025-01-23,1737590400,43.685714,fear
2025-01-24,1737676800,45.8,neutral
2025-01-27,1737936000,37.971429,fear
2025-01-28,1738022400,40.628571,fear
2025-01-29,1738108800,42.4,fear
2025-01-30,1738195200,45.914286,neutral
2025-01-31,1738281600,43.771429,fear
2025-02-03,1738540800,37.4,fear
2025-02-04,1738627200,37.142857,fear
2025-02-05,1738713600,38.628571,fear
2025-02-06,1738800000,39.685714,fear
2025-02-07,1738886400,38.371429,fear
2025-02-10,1739145600,44.714286,fear
2025-02-11,1739232000,45.4,neutral
2025-02-12,1739318400,41.371429,fear
2025-02-13,1739404800,46.6,neutral
2025-02-14,1739491200,43.685714,fear
2025-02-18,1739836800,46.8,neutral
2025-02-19,1739923200,47.628571,neutral
2025-02-20,1740009600,44.228571,fear
2025-02-21,1740096000,36.971429,fear
2025-02-24,1740355200,29.542857,fear
2025-02-25,1740441600,24.2,extreme fear
2025-02-26,1740528000,21.257143,extreme fear
2025-02-27,1740614400,12.757143,extreme fear
2025-02-28,1740700800,20.657143,extreme fear
2025-03-03,1740960000,12.342857,extreme fear
2025-03-04,1741046400,11.042857,extreme fear
2025-03-05,1741132800,11.514286,extreme fear
2025-03-06,1741219200,17.2,extreme fear
2025-03-07,1741305600,17.642857,extreme fear
2025-03-10,1741564800,17.071429,extreme fear
2025-03-11,1741651200,15.114286,extreme fear
2025-03-12,1741737600,15.914286,extreme fear
2025-03-13,1741824000,15.185714,extreme fear
2025-03-14,1741910400,22.057143,extreme fear
2025-03-17,1742169600,22.571429,extreme fear
2025-03-18,1742256000,22.228571,extreme fear
2025-03-19,1742342400,21.6,extreme fear
2025-03-20,1742428800,21.685714,extreme fear
2025-03-21,1742515200,22.685714,extreme fear
2025-03-24,1742774400,25.4,fear
2025-03-25,1742860800,29.285714,fear
2025-03-26,1742947200,28.885714,fear
2025-03-27,1743033600,28.342857,fear
2025-03-28,1743120000,26.371429,fear
2025-03-31,1743379200,21.114286,extreme fear
2025-04-01,1743465600,19.571429,extreme fear
2025-04-02,1743552000,22.6,extreme fear
2025-04-03,1743638400,12.142857,extreme fear
2025-04-04,1743724800,5.385714,extreme fear
2025-04-07,1743984000,4.0,extreme fear
2025-04-08,1744070400,2.9,extreme fear
2025-04-09,1744156800,9.5,extreme fear
2025-04-10,1744243200,5.614286,extreme fear
2025-04-11,1744329600,8.385714,extreme fear
2025-04-14,1744588800,12.342857,extreme fear
2025-04-15,1744675200,13.114286,extreme fear
2025-04-16,1744761600,11.142857,extreme fear
2025-04-17,1744848000,16.057143,extreme fear
2025-04-21,1745193600,12.371429,extreme fear
2025-04-22,1745280000,13.6,extreme fear
2025-04-23,1745366400,21.542857,extreme fear
2025-04-24,1745452800,24.085714,extreme fear
2025-04-25,1745539200,34.514286,fear
2025-04-28,1745798400,32.142857,fear
2025-04-29,1745884800,32.742857,fear
2025-04-30,1745971200,32.371429,fear
2025-05-01,1746057600,41.257143,fear
2025-05-02,1746144000,38.285714,fear
2025-05-05,1746403200,53.057143,neutral
2025-05-06,1746489600,54.657143,neutral
2025-05-07,1746576000,54.142857,neutral
2025-05-08,1746662400,57.657143,greed
2025-05-09,1746748800,60.028571,greed
2025-05-12,1747008000,64.485714,greed
2025-05-13,1747094400,68.2,greed
2025-05-14,1747180800,70.4,greed
2025-05-15,1747267200,69.142857,greed
2025-05-16,1747353600,70.6,greed
2025-05-19,1747612800,69.742857,greed
2025-05-20,1747699200,69.171429,greed
2025-05-21,1747785600,66.228571,greed
2025-05-22,1747872000,66.8,greed
2025-05-23,1747958400,64.085714,greed
2025-05-27,1748304000,65.742857,greed
2025-05-28,1748390400,64.742857,greed
2025-05-29,1748476800,64.457143,greed
2025-05-30,1748563200,61.914286,greed
2025-06-02,1748822400,62.428571,greed
2025-06-03,1748908800,54.571429,neutral
2025-06-04,1748995200,54.885714,neutral
2025-06-05,1749081600,57.971429,greed
2025-06-06,1749168000,61.771429,greed
2025-06-09,1749427200,63.428571,greed
2025-06-10,1749513600,64.0,greed
2025-06-11,1749600000,64.2,greed
2025-06-12,1749686400,64.6,greed
2025-06-13,1749772800,59.542857,greed
2025-06-16,1750032000,61.114286,greed
2025-06-17,1750118400,57.428571,greed
2025-06-18,1750204800,54.285714,neutral
2025-06-20,1750377600,54.514286,neutral
2025-06-23,1750636800,56.6,greed
2025-06-24,1750723200,57.885714,greed
2025-06-25,1750809600,59.257143,greed
2025-06-26,1750896000,63.0,greed
2025-06-27,1750982400,64.8,greed
2025-06-30,1751241600,69.228571,greed
2025-07-01,1751328000,67.542857,greed
2025-07-02,1751414400,63.714286,greed
2025-07-03,1751500800,77.628571,extreme greed
2025-07-07,1751846400,75.085714,extreme greed
2025-07-08,1751932800,74.628571,greed
2025-07-09,1752019200,75.914286,extreme greed
2025-07-10,1752105600,76.971429,extreme greed
2025-07-11,1752192000,75.257143,extreme greed
2025-07-14,1752451200,76.114286,extreme greed
2025-07-15,1752537600,73.485714,greed
2025-07-16,1752624000,72.942857,greed
2025-07-17,1752710400,74.171429,greed
2025-07-18,1752796800,73.942857,greed
2025-07-21,1753056000,73.285714,greed
2025-07-22,1753142400,73.885714,greed
2025-07-23,1753228800,76.371429,extreme greed
2025-07-24,1753315200,75.257143,extreme greed
2025-07-25,1753401600,74.657143,greed
2025-07-28,1753660800,73.8,greed
2025-07-29,1753747200,70.628571,greed
2025-07-30,1753833600,68.028571,greed
2025-07-31,1753920000,63.714286,greed
2025-08-01,1754006400,49.8,neutral
2025-08-04,1754265600,56.885714,greed
2025-08-05,1754352000,55.028571,greed
2025-08-06,1754438400,55.314286,greed
2025-08-07,1754524800,54.714286,neutral
2025-08-08,1754611200,58.371429,greed
2025-08-11,1754870400,57.628571,greed
2025-08-12,1754956800,62.257143,greed
2025-08-13,1755043200,63.342857,greed
2025-08-14,1755129600,63.257143,greed
2025-08-15,1755216000,63.542857,greed
2025-08-18,1755475200,64.2,greed
2025-08-19,1755561600,59.885714,greed
2025-08-20,1755648000,55.914286,greed
2025-08-21,1755734400,52.6,neutral
2025-08-22,1755820800,55.542857,greed
2025-08-25,1756080000,53.942857,neutral
2025-08-26,1756166400,55.4,greed
2025-08-27,1756252800,59.114286,greed
2025-08-28,1756339200,64.428571,greed
2025-08-29,1756425600,61.542857,greed
2025-09-02,1756771200,62.457143,greed
2025-09-03,1756857600,61.371429,greed
2025-09-04,1756944000,61.171429,greed
2025-09-05,1757030400,58.685714,greed
2025-09-08,1757289600,58.228571,greed
2025-09-09,1757376000,57.942857,greed
2025-09-10,1757462400,57.942857,greed
2025-09-11,1757548800,60.342857,greed
2025-09-12,1757635200,61.342857,greed
2025-09-15,1757894400,64.457143,greed
2025-09-16,1757980800,64.371429,greed
2025-09-17,1758067200,63.771429,greed
2025-09-18,1758153600,66.542857,greed
2025-09-19,1758240000,66.228571,greed
2025-09-22,1758499200,66.514286,greed
2025-09-23,1758585600,56.771429,greed
2025-09-24,1758672000,54.571429,neutral
2025-09-25,1758758400,50.657143,neutral
2025-09-26,1758844800,51.285714,neutral
2025-09-29,1759104000,50.971429,neutral
2025-09-30,1759190400,51.4,neutral
2025-10-01,1759276800,52.485714,neutral
2025-10-02,1759363200,54.542857,neutral
2025-10-03,1759449600,52.571429,neutral
2025-10-06,1759708800,53.971429,neutral
2025-10-07,1759795200,51.857143,neutral
2025-10-08,1759881600,52.942857,neutral
2025-10-09,1759968000,48.628571,neutral
2025-10-10,1760054400,30.142857,fear
2025-10-13,1760313600,29.742857,fear
2025-10-14,1760400000,28.285714,fear
2025-10-15,1760486400,27.414286,fear
2025-10-16,1760572800,23.114286,extreme fear
2025-10-17,1760659200,22.328571,extreme fear
2025-10-20,1760918400,29.857143,fear
2025-10-21,1761004800,28.542857,fear
2025-10-22,1761091200,26.371429,fear
2025-10-23,1761177600,27.571429,fear
2025-10-24,1761264000,32.457143,fear
2025-10-27,1761523200,37.342857,fear
2025-10-28,1761609600,39.342857,fear
2025-10-29,1761696000,42.114286,fear
2025-10-30,1761782400,37.057143,fear
2025-10-31,1761868800,34.457143,fear
2025-11-03,1762128000,32.6,fear
2025-11-04,1762214400,20.942857,extreme fear
2025-11-05,1762300800,23.057143,extreme fear
2025-11-06,1762387200,24.342857,extreme fear
2025-11-07,1762473600,20.428571,extreme fear
2025-11-10,1762732800,29.942857,fear
2025-11-11,1762819200,30.457143,fear
2025-11-12,1762905600,34.571429,fear
2025-11-13,1762992000,24.542857,extreme fear
2025-11-14,1763078400,22.057143,extreme fear
2025-11-17,1763337600,11.642857,extreme fear
2025-11-18,1763424000,8.9,extreme fear
2025-11-19,1763510400,7.857143,extreme fear
2025-11-20,1763596800,5.171429,extreme fear
2025-11-21,1763683200,5.657143,extreme fear
2025-11-24,1763942400,13.685714,extreme fear
2025-11-25,1764028800,15.028571,extreme fear
2025-11-26,1764115200,17.657143,extreme fear
2025-11-28,1764288000,21.771429,extreme fear
2025-12-01,1764547200,22.085714,extreme fear
2025-12-02,1764633600,23.257143,extreme fear
2025-12-03,1764720000,24.771429,extreme fear
2025-12-04,1764806400,36.028571,fear
2025-12-05,1764892800,38.142857,fear
2025-12-08,1765152000,40.771429,fear
2025-12-09,1765238400,40.942857,fear
2025-12-10,1765324800,36.371429,fear
2025-12-11,1765411200,43.742857,fear
2025-12-12,1765497600,39.285714,fear
2025-12-15,1765756800,49.314286,neutral
2025-12-16,1765843200,46.4,neutral
2025-12-17,1765929600,37.685714,fear
2025-12-18,1766016000,42.371429,fear
2025-12-19,1766102400,44.2,fear
2025-12-22,1766361600,54.885714,neutral
2025-12-23,1766448000,58.571429,greed
2025-12-24,1766534400,58.0,greed
2025-12-26,1766707200,54.857143,neutral
2025-12-29,1766966400,47.885714,neutral
2025-12-30,1767052800,46.114286,neutral
2025-12-31,1767139200,43.257143,fear
2026-01-02,1767312000,45.228571,neutral
2026-01-05,1767571200,47.6,neutral
2026-01-06,1767657600,52.857143,neutral
2026-01-07,1767744000,48.571429,neutral
2026-01-08,1767830400,48.371429,neutral
2026-01-09,1767916800,54.114286,neutral
2026-01-12,1768176000,58.0,greed
2026-01-13,1768262400,59.085714,greed
2026-01-14,1768348800,58.628571,greed
2026-01-15,1768435200,63.657143,greed
2026-01-16,1768521600,63.771429,greed
2026-01-20,1768867200,50.857143,neutral
2026-01-21,1768953600,53.857143,neutral
2026-01-22,1769040000,54.771429,neutral
2026-01-23,1769126400,54.885714,neutral
2026-01-26,1769385600,57.657143,greed
2026-01-27,1769472000,64.971429,greed
2026-01-28,1769558400,65.542857,greed
2026-01-29,1769644800,63.828571,greed
2026-01-30,1769731200,58.6,greed
2026-02-02,1769990400,63.4,greed
2026-02-03,1770076800,43.342857,fear
2026-02-04,1770163200,47.228571,neutral
2026-02-05,1770249600,34.942857,fear
2026-02-06,1770336000,45.371429,neutral
2026-02-09,1770595200,48.485714,neutral
2026-02-10,1770681600,47.228571,neutral
2026-02-11,1770768000,49.914286,neutral
2026-02-12,1770854400,36.357143,fear
2026-02-13,1770940800,33.842857,fear
2026-02-17,1771286400,33.314286,fear
2026-02-18,1771372800,34.157143,fear
2026-02-19,1771459200,34.4,fear
2026-02-20,1771545600,42.342857,fear
2026-02-23,1771804800,32.542857,fear
2026-02-24,1771891200,40.257143,fear
2026-02-25,1771977600,43.142857,fear
2026-02-26,1772064000,42.914286,fear
2026-02-27,1772150400,41.171429,fear
2026-03-02,1772409600,34.285714,fear
2026-03-03,1772496000,31.628571,fear
2026-03-04,1772582400,33.071429,fear
2026-03-05,1772668800,31.628571,fear
2026-03-06,1772755200,25.257143,fear
2026-03-09,1773014400,22.228571,extreme fear
2026-03-10,1773100800,20.271429,extreme fear
2026-03-11,1773187200,18.314286,extreme fear
2026-03-13,1773360000,16.671429,extreme fear
2026-03-16,1773619200,23.914286,extreme fear
2026-03-17,1773705600,22.885714,extreme fear
2026-03-18,1773792000,13.614286,extreme fear
2026-03-19,1773878400,18.314286,extreme fear
2026-03-20,1773964800,8.4,extreme fear
2026-03-23,1774224000,11.628571,extreme fear
2026-03-24,1774310400,10.357143,extreme fear
2026-03-25,1774396800,16.542857,extreme fear
2026-03-26,1774483200,10.257143,extreme fear
2026-03-27,1774569600,8.171429,extreme fear
2026-03-30,1774828800,5.771429,extreme fear
2026-03-31,1774915200,14.885714,extreme fear
2026-04-01,1775001600,15.857143,extreme fear
2026-04-02,1775088000,18.285714,extreme fear
2026-04-06,1775433600,21.857143,extreme fear
2026-04-07,1775520000,21.571429,extreme fear
2026-04-08,1775606400,29.171429,fear
2026-04-09,1775692800,33.8,fear
2026-04-10,1775779200,38.057143,fear
2026-04-13,1776038400,40.971429,fear
2026-04-14,1776124800,47.257143,neutral
2026-04-15,1776211200,56.2,greed
2026-04-16,1776297600,61.485714,greed
2026-04-17,1776384000,68.571429,greed
2026-04-20,1776643200,69.971429,greed
2026-04-21,1776729600,67.571429,greed
2026-04-22,1776816000,68.457143,greed
2026-04-23,1776902400,66.171429,greed
2026-04-24,1776988800,65.4,greed
2026-04-27,1777248000,66.285714,greed
2026-04-28,1777334400,67.428571,greed
2026-04-29,1777420800,66.228571,greed
2026-04-30,1777507200,69.514286,greed
2026-05-01,1777593600,71.171429,greed
2026-05-04,1777852800,66.885714,greed
2026-05-05,1777939200,67.257143,greed
2026-05-06,1778025600,68.742857,greed
2026-05-07,1778112000,67.285714,greed
2026-05-08,1778198400,67.285714,greed
2026-05-11,1778457600,66.628571,greed
2026-05-12,1778544000,65.685714,greed
2026-05-13,1778630400,64.971429,greed
2026-05-14,1778716800,65.914286,greed
2026-05-15,1778803200,63.228571,greed
2026-05-18,1779062400,62.085714,greed
2026-05-19,1779148800,59.257143,greed
2026-05-20,1779235200,60.514286,greed
2026-05-21,1779321600,57.514286,greed
2026-05-22,1779408000,58.228571,greed
2026-05-26,1779753600,59.828571,greed
2026-05-27,1779840000,60.628571,greed
2026-05-28,1779926400,60.714286,greed
2026-05-29,1780012800,60.457143,greed
2026-06-01,1780272000,59.457143,greed
2026-06-02,1780358400,56.971429,greed
2026-06-03,1780444800,54.628571,neutral
2026-06-04,1780531200,54.571429,neutral
2026-06-05,1780617600,41.857143,fear
2026-06-08,1780876800,39.371429,fear
2026-06-09,1780963200,33.771429,fear
2026-06-10,1781049600,27.285714,fear
2026-06-11,1781136000,29.685714,fear
2026-06-12,1781222400,33.514286,fear
2026-06-15,1781481600,40.142857,fear
2026-06-16,1781568000,39.514286,fear
2026-06-17,1781654400,32.942857,fear
2026-06-18,1781740800,37.342857,fear
2026-06-22,1782086400,33.942857,fear
2026-06-23,1782172800,28.457143,fear
2026-06-24,1782259200,26.457143,fear
2026-06-25,1782345600,25.428571,fear
2026-06-26,1782432000,24.657143,extreme fear
2026-06-29,1782691200,26.857143,fear
2026-06-30,1782777600,29.971429,fear
2026-07-01,1782864000,31.628571,fear
2026-07-02,1782950400,32.542857,fear
2026-07-06,1783296000,41.657143,fear
2026-07-07,1783382400,39.771429,fear
2026-07-08,1783468800,38.628571,fear
2026-07-09,1783555200,44.714286,fear
2026-07-10,1783641600,46.828571,neutral
2026-07-13,1783900800,40.857143,fear
2026-07-14,1783987200,41.057143,fear
2026-07-15,1784073600,44.428571,fear
2026-07-16,1784160000,41.857143,fear
2026-07-17,1784246400,37.0,fear
2026-07-20,1784505600,36.0,fear
2026-07-21,1784592000,42.771429,fear
2026-07-22,1784678400,44.428571,fear
2026-07-23,1784764800,40.857143,fear
2026-07-24,1784851200,40.771429,fear
2026-07-27,1785110400,38.228571,fear
2026-07-28,1785196800,37.142857,fear
2026-07-29,1785283200,25.557143,fear
2026-07-30,1785369600,38.114286,fear
2026-07-31,1785456000,39.571429,fear
2026-08-03,1785715200,46.142857,neutral
2026-08-04,1785801600,58.971429,greed
2026-08-05,1785888000,60.228571,greed
2026-08-06,1785974400,59.685714,greed
2026-08-07,1786060800,65.142857,greed
2026-08-10,1786320000,64.371429,greed
2026-08-11,1786406400,60.085714,greed
2026-08-12,1786492800,61.685714,greed
2026-08-13,1786579200,66.114286,greed
2026-08-14,1786665600,64.314286,greed
2026-08-17,1786924800,59.142857,greed
2026-08-18,1787011200,54.628571,neutral
2026-08-19,1787097600,56.628571,greed
2026-08-20,1787184000,51.371429,neutral
2026-08-21,1787270400,54.657143,neutral
2026-08-24,1787529600,54.971429,neutral
2026-08-25,1787616000,59.6,greed
2026-08-26,1787702400,53.942857,neutral
2026-08-27,1787788800,57.314286,greed
2026-08-28,1787875200,53.742857,neutral
2026-08-31,1788134400,49.2,neutral
2026-09-01,1788220800,44.857143,fear
2026-09-02,1788307200,46.057143,neutral
2026-09-03,1788393600,47.514286,neutral
2026-09-04,1788480000,45.228571,neutral
2026-09-08,1788825600,39.142857,fear
2026-09-09,1788912000,38.2,fear
2026-09-10,1788998400,32.2,fear
2026-09-11,1789084800,32.685714,fear
2026-09-14,1789344000,31.0,fear
2026-09-15,1789430400,27.971429,fear
2026-09-16,1789516800,27.314286,fear
2026-09-17,1789603200,28.285714,fear
2026-09-18,1789689600,30.428571,fear
2026-09-21,1789948800,34.171429,fear
2026-09-22,1790035200,35.028571,fear
2026-09-23,1790121600,32.542857,fear
2026-09-24,1790208000,36.114286,fear
